time,0
2022-05-15 22:35:00+00:00,0.62
2022-05-16 11:00:00+00:00,0.53
2022-05-16 23:20:00+00:00,0.47
2022-05-17 11:35:00+00:00,0.54
2022-05-18 00:05:00+00:00,0.45
2022-05-18 12:20:00+00:00,0.7
2022-05-19 00:45:00+00:00,0.56
2022-05-19 13:10:00+00:00,0.98
2022-05-20 01:35:00+00:00,0.79
2022-05-20 14:05:00+00:00,1.33
2022-05-21 02:35:00+00:00,1.09
2022-05-21 15:00:00+00:00,1.67
2022-05-22 03:45:00+00:00,1.37
2022-05-22 16:15:00+00:00,1.91
2022-05-23 05:10:00+00:00,1.54
2022-05-23 17:40:00+00:00,1.97
2022-05-24 06:25:00+00:00,1.54
2022-05-24 19:10:00+00:00,1.87
2022-05-25 07:35:00+00:00,1.46
2022-05-25 20:00:00+00:00,1.68
2022-05-26 08:20:00+00:00,1.35
2022-05-26 20:50:00+00:00,1.49
2022-05-27 09:10:00+00:00,1.26
2022-05-27 21:35:00+00:00,1.32
2022-05-28 09:45:00+00:00,1.19
2022-05-28 22:10:00+00:00,1.19
2022-05-29 10:25:00+00:00,1.17
2022-05-29 22:40:00+00:00,1.11
2022-05-30 10:55:00+00:00,1.18
2022-05-30 23:20:00+00:00,1.1
2022-05-31 11:25:00+00:00,1.24
2022-05-31 23:55:00+00:00,1.13
2022-06-01 11:55:00+00:00,1.34
2022-06-02 00:25:00+00:00,1.21
2022-06-02 12:40:00+00:00,1.48
2022-06-03 01:05:00+00:00,1.33
2022-06-03 13:10:00+00:00,1.63
2022-06-04 01:45:00+00:00,1.47
2022-06-04 13:55:00+00:00,1.8
2022-06-05 02:30:00+00:00,1.62
2022-06-05 14:40:00+00:00,1.96
2022-06-06 03:20:00+00:00,1.75
2022-06-06 15:35:00+00:00,2.09
2022-06-07 04:15:00+00:00,1.83
2022-06-07 16:45:00+00:00,2.15
2022-06-08 05:15:00+00:00,1.82
2022-06-08 17:50:00+00:00,2.09
2022-06-09 06:30:00+00:00,1.72
2022-06-09 18:50:00+00:00,1.91
2022-06-10 07:25:00+00:00,1.54
2022-06-10 19:55:00+00:00,1.65
2022-06-11 08:10:00+00:00,1.31
2022-06-11 20:40:00+00:00,1.34
2022-06-12 09:05:00+00:00,1.09
2022-06-12 21:30:00+00:00,1.04
2022-06-13 09:50:00+00:00,0.9
2022-06-13 22:15:00+00:00,0.77
2022-06-14 10:35:00+00:00,0.78
2022-06-14 23:05:00+00:00,0.59
2022-06-15 11:25:00+00:00,0.76
2022-06-15 23:55:00+00:00,0.51
2022-06-16 12:10:00+00:00,0.84
2022-06-17 00:40:00+00:00,0.54
2022-06-17 13:00:00+00:00,1.01
2022-06-18 01:30:00+00:00,0.68
2022-06-18 13:55:00+00:00,1.24
2022-06-19 02:30:00+00:00,0.91
2022-06-19 14:50:00+00:00,1.48
2022-06-20 03:25:00+00:00,1.16
2022-06-20 15:55:00+00:00,1.7
2022-06-21 04:35:00+00:00,1.4
2022-06-21 17:05:00+00:00,1.85
2022-06-22 05:40:00+00:00,1.56
2022-06-22 18:20:00+00:00,1.9
2022-06-23 06:55:00+00:00,1.65
2022-06-23 19:25:00+00:00,1.85
2022-06-24 07:50:00+00:00,1.66
2022-06-24 20:20:00+00:00,1.74
2022-06-25 08:45:00+00:00,1.64
2022-06-25 21:05:00+00:00,1.61
2022-06-26 09:30:00+00:00,1.59
2022-06-26 21:55:00+00:00,1.49
2022-06-27 10:00:00+00:00,1.53
2022-06-27 22:25:00+00:00,1.37
2022-06-28 10:40:00+00:00,1.49
2022-06-28 23:05:00+00:00,1.29
2022-06-29 11:15:00+00:00,1.46
2022-06-29 23:45:00+00:00,1.24
2022-06-30 11:45:00+00:00,1.45
2022-07-01 00:10:00+00:00,1.21
2022-07-01 12:20:00+00:00,1.46
2022-07-02 00:50:00+00:00,1.22
2022-07-02 13:00:00+00:00,1.5
2022-07-03 01:25:00+00:00,1.26
2022-07-03 13:35:00+00:00,1.56
2022-07-04 02:05:00+00:00,1.33
2022-07-04 14:15:00+00:00,1.65
2022-07-05 02:50:00+00:00,1.43
2022-07-05 15:10:00+00:00,1.76
2022-07-06 03:35:00+00:00,1.53
2022-07-06 15:55:00+00:00,1.85
2022-07-07 04:30:00+00:00,1.62
2022-07-07 17:00:00+00:00,1.91
2022-07-08 05:35:00+00:00,1.67
2022-07-08 18:00:00+00:00,1.88
2022-07-09 06:30:00+00:00,1.64
2022-07-09 19:10:00+00:00,1.75
2022-07-10 07:35:00+00:00,1.54
2022-07-10 20:10:00+00:00,1.51
2022-07-11 08:40:00+00:00,1.38
2022-07-11 21:10:00+00:00,1.22
2022-07-12 09:30:00+00:00,1.18
2022-07-12 22:05:00+00:00,0.92
2022-07-13 10:25:00+00:00,1.0
2022-07-13 22:55:00+00:00,0.66
2022-07-14 11:20:00+00:00,0.88
2022-07-14 23:40:00+00:00,0.48
2022-07-15 12:05:00+00:00,0.83
2022-07-16 00:35:00+00:00,0.44
2022-07-16 12:50:00+00:00,0.88
2022-07-17 01:20:00+00:00,0.51
2022-07-17 13:40:00+00:00,1.02
2022-07-18 02:05:00+00:00,0.72
2022-07-18 14:20:00+00:00,1.23
2022-07-19 02:55:00+00:00,1.02
2022-07-19 15:15:00+00:00,1.49
2022-07-20 03:45:00+00:00,1.35
2022-07-20 16:15:00+00:00,1.76
2022-07-21 04:50:00+00:00,1.67
2022-07-21 17:15:00+00:00,1.97
2022-07-22 05:50:00+00:00,1.9
2022-07-22 18:45:00+00:00,2.07
2022-07-23 07:15:00+00:00,2.02
2022-07-23 19:50:00+00:00,2.01
2022-07-24 08:20:00+00:00,2.01
2022-07-24 20:55:00+00:00,1.87
2022-07-25 09:15:00+00:00,1.92
2022-07-25 21:40:00+00:00,1.69
2022-07-26 10:00:00+00:00,1.79
2022-07-26 22:25:00+00:00,1.51
2022-07-27 10:25:00+00:00,1.64
2022-07-27 22:55:00+00:00,1.34
2022-07-28 11:05:00+00:00,1.51
2022-07-28 23:30:00+00:00,1.2
2022-07-29 11:35:00+00:00,1.39
2022-07-30 00:05:00+00:00,1.09
2022-07-30 12:05:00+00:00,1.29
2022-07-31 00:30:00+00:00,1.01
2022-07-31 12:40:00+00:00,1.24
2022-08-01 01:00:00+00:00,0.98
2022-08-01 13:15:00+00:00,1.24
2022-08-02 01:40:00+00:00,1.02
2022-08-02 13:45:00+00:00,1.3
2022-08-03 02:20:00+00:00,1.13
2022-08-03 14:35:00+00:00,1.43
2022-08-04 02:55:00+00:00,1.29
2022-08-04 15:15:00+00:00,1.59
2022-08-05 03:50:00+00:00,1.5
2022-08-05 16:15:00+00:00,1.77
2022-08-06 04:40:00+00:00,1.7
2022-08-06 17:25:00+00:00,1.89
2022-08-07 06:00:00+00:00,1.84
2022-08-07 18:40:00+00:00,1.87
2022-08-08 07:20:00+00:00,1.83
2022-08-08 20:00:00+00:00,1.67
2022-08-09 08:35:00+00:00,1.65
2022-08-09 21:00:00+00:00,1.33
2022-08-10 09:30:00+00:00,1.37
2022-08-10 22:00:00+00:00,0.96
2022-08-11 10:20:00+00:00,1.08
2022-08-11 22:50:00+00:00,0.62
2022-08-12 11:10:00+00:00,0.85
2022-08-12 23:35:00+00:00,0.39
2022-08-13 11:50:00+00:00,0.71
2022-08-14 00:15:00+00:00,0.31
2022-08-14 12:35:00+00:00,0.7
2022-08-15 00:55:00+00:00,0.4
2022-08-15 13:15:00+00:00,0.82
2022-08-16 01:35:00+00:00,0.64
2022-08-16 13:55:00+00:00,1.05
2022-08-17 02:20:00+00:00,0.99
2022-08-17 14:35:00+00:00,1.36
2022-08-18 02:55:00+00:00,1.39
2022-08-18 15:30:00+00:00,1.72
2022-08-19 03:45:00+00:00,1.8
2022-08-19 16:25:00+00:00,2.05
2022-08-20 04:50:00+00:00,2.15
2022-08-20 18:00:00+00:00,2.27
2022-08-21 06:35:00+00:00,2.35
2022-08-21 19:35:00+00:00,2.23
2022-08-22 07:55:00+00:00,2.3
2022-08-22 20:40:00+00:00,2.03
2022-08-23 08:55:00+00:00,2.12
2022-08-23 21:25:00+00:00,1.78
2022-08-24 09:45:00+00:00,1.9
2022-08-24 22:10:00+00:00,1.53
2022-08-25 10:15:00+00:00,1.66
2022-08-25 22:45:00+00:00,1.3
2022-08-26 10:50:00+00:00,1.44
2022-08-26 23:05:00+00:00,1.08
2022-08-27 11:15:00+00:00,1.23
2022-08-27 23:40:00+00:00,0.91
2022-08-28 11:45:00+00:00,1.07
2022-08-29 00:05:00+00:00,0.78
2022-08-29 12:15:00+00:00,0.96
2022-08-30 00:35:00+00:00,0.73
2022-08-30 12:50:00+00:00,0.94
2022-08-31 01:10:00+00:00,0.78
2022-08-31 13:25:00+00:00,1.01
2022-09-01 01:50:00+00:00,0.95
2022-09-01 14:05:00+00:00,1.18
2022-09-02 02:25:00+00:00,1.19
2022-09-02 14:45:00+00:00,1.42
2022-09-03 03:15:00+00:00,1.52
2022-09-03 15:45:00+00:00,1.71
2022-09-04 04:10:00+00:00,1.85
2022-09-04 17:00:00+00:00,1.94
2022-09-05 05:30:00+00:00,2.08
2022-09-05 18:20:00+00:00,1.96
2022-09-06 07:20:00+00:00,2.06
2022-09-06 19:55:00+00:00,1.71
2022-09-07 08:30:00+00:00,1.77
2022-09-07 21:05:00+00:00,1.31
2022-09-08 09:25:00+00:00,1.4
2022-09-08 21:50:00+00:00,0.9
2022-09-09 10:10:00+00:00,1.05
2022-09-09 22:35:00+00:00,0.57
2022-09-10 10:50:00+00:00,0.78
2022-09-10 23:15:00+00:00,0.37
2022-09-11 11:25:00+00:00,0.62
2022-09-11 23:55:00+00:00,0.34
2022-09-12 12:05:00+00:00,0.61
2022-09-13 00:30:00+00:00,0.46
2022-09-13 12:45:00+00:00,0.74
2022-09-14 01:00:00+00:00,0.71
2022-09-14 13:20:00+00:00,0.99
2022-09-15 01:40:00+00:00,1.08
2022-09-15 14:00:00+00:00,1.33
2022-09-16 02:15:00+00:00,1.5
2022-09-16 14:45:00+00:00,1.72
2022-09-17 02:55:00+00:00,1.93
2022-09-17 15:40:00+00:00,2.1
2022-09-18 03:50:00+00:00,2.32
2022-09-18 16:55:00+00:00,2.38
2022-09-19 05:25:00+00:00,2.58
2022-09-19 19:15:00+00:00,2.36
2022-09-20 07:45:00+00:00,2.5
2022-09-20 20:20:00+00:00,2.12
2022-09-21 08:45:00+00:00,2.25
2022-09-21 21:05:00+00:00,1.83
2022-09-22 09:15:00+00:00,1.95
2022-09-22 21:40:00+00:00,1.54
2022-09-23 09:55:00+00:00,1.66
2022-09-23 22:10:00+00:00,1.26
2022-09-24 10:20:00+00:00,1.37
2022-09-24 22:40:00+00:00,1.01
2022-09-25 10:45:00+00:00,1.11
2022-09-25 23:00:00+00:00,0.79
2022-09-26 11:15:00+00:00,0.9
2022-09-26 23:35:00+00:00,0.65
2022-09-27 11:50:00+00:00,0.77
2022-09-28 00:05:00+00:00,0.6
2022-09-28 12:25:00+00:00,0.75
2022-09-29 00:40:00+00:00,0.69
2022-09-29 13:00:00+00:00,0.83
2022-09-30 01:15:00+00:00,0.9
2022-09-30 13:35:00+00:00,1.04
2022-10-01 02:00:00+00:00,1.24
2022-10-01 14:25:00+00:00,1.35
2022-10-02 02:45:00+00:00,1.64
2022-10-02 15:20:00+00:00,1.69
2022-10-03 03:55:00+00:00,2.04
2022-10-03 16:40:00+00:00,1.95
2022-10-04 05:35:00+00:00,2.26
2022-10-04 18:25:00+00:00,1.93
2022-10-05 07:30:00+00:00,2.12
2022-10-05 19:55:00+00:00,1.62
2022-10-06 08:35:00+00:00,1.77
2022-10-06 20:50:00+00:00,1.24
2022-10-07 09:15:00+00:00,1.39
2022-10-07 21:35:00+00:00,0.9
2022-10-08 09:55:00+00:00,1.06
2022-10-08 22:15:00+00:00,0.65
2022-10-09 10:30:00+00:00,0.82
2022-10-09 22:45:00+00:00,0.52
2022-10-10 11:05:00+00:00,0.69
2022-10-10 23:25:00+00:00,0.54
2022-10-11 11:45:00+00:00,0.71
2022-10-12 00:00:00+00:00,0.68
2022-10-12 12:20:00+00:00,0.83
2022-10-13 00:30:00+00:00,0.93
2022-10-13 12:55:00+00:00,1.07
2022-10-14 01:10:00+00:00,1.27
2022-10-14 13:30:00+00:00,1.38
2022-10-15 01:40:00+00:00,1.64
2022-10-15 14:15:00+00:00,1.74
2022-10-16 02:25:00+00:00,2.03
2022-10-16 15:00:00+00:00,2.08
2022-10-17 03:05:00+00:00,2.38
2022-10-17 16:15:00+00:00,2.36
2022-10-18 04:25:00+00:00,2.64
2022-10-18 18:40:00+00:00,2.41
2022-10-19 07:00:00+00:00,2.61
2022-10-19 19:45:00+00:00,2.19
2022-10-20 07:55:00+00:00,2.35
2022-10-20 20:30:00+00:00,1.91
2022-10-21 08:35:00+00:00,2.04
2022-10-21 21:05:00+00:00,1.61
2022-10-22 09:15:00+00:00,1.72
2022-10-22 21:35:00+00:00,1.32
2022-10-23 09:45:00+00:00,1.4
2022-10-23 22:05:00+00:00,1.05
2022-10-24 10:15:00+00:00,1.11
2022-10-24 22:35:00+00:00,0.82
2022-10-25 10:40:00+00:00,0.86
2022-10-25 23:05:00+00:00,0.67
2022-10-26 11:20:00+00:00,0.71
2022-10-26 23:40:00+00:00,0.64
2022-10-27 11:55:00+00:00,0.67
2022-10-28 00:15:00+00:00,0.75
2022-10-28 12:40:00+00:00,0.77
2022-10-29 00:55:00+00:00,0.99
2022-10-29 13:25:00+00:00,0.99
2022-10-30 01:45:00+00:00,1.35
2022-10-30 14:10:00+00:00,1.29
2022-10-31 02:35:00+00:00,1.75
2022-10-31 15:20:00+00:00,1.62
2022-11-01 03:50:00+00:00,2.1
2022-11-01 16:40:00+00:00,1.83
2022-11-02 05:30:00+00:00,2.23
2022-11-02 18:20:00+00:00,1.78
2022-11-03 07:00:00+00:00,2.06
2022-11-03 19:45:00+00:00,1.55
2022-11-04 08:10:00+00:00,1.77
2022-11-04 20:35:00+00:00,1.29
2022-11-05 08:45:00+00:00,1.46
2022-11-05 21:15:00+00:00,1.07
2022-11-06 09:35:00+00:00,1.21
2022-11-06 21:50:00+00:00,0.92
2022-11-07 10:05:00+00:00,1.02
2022-11-07 22:20:00+00:00,0.86
2022-11-08 10:45:00+00:00,0.93
2022-11-08 23:00:00+00:00,0.9
2022-11-09 11:15:00+00:00,0.93
2022-11-09 23:35:00+00:00,1.02
2022-11-10 11:55:00+00:00,1.03
2022-11-11 00:05:00+00:00,1.21
2022-11-11 12:35:00+00:00,1.21
2022-11-12 00:40:00+00:00,1.46
2022-11-12 13:10:00+00:00,1.44
2022-11-13 01:15:00+00:00,1.74
2022-11-13 13:45:00+00:00,1.7
2022-11-14 01:55:00+00:00,2.03
2022-11-14 14:35:00+00:00,1.96
2022-11-15 02:45:00+00:00,2.3
2022-11-15 15:35:00+00:00,2.18
2022-11-16 03:45:00+00:00,2.5
2022-11-16 16:55:00+00:00,2.28
2022-11-17 05:15:00+00:00,2.56
2022-11-17 18:20:00+00:00,2.2
2022-11-18 06:45:00+00:00,2.42
2022-11-18 19:30:00+00:00,2.0
2022-11-19 07:40:00+00:00,2.16
2022-11-19 20:10:00+00:00,1.74
2022-11-20 08:30:00+00:00,1.86
2022-11-20 20:50:00+00:00,1.47
2022-11-21 09:05:00+00:00,1.53
2022-11-21 21:25:00+00:00,1.21
2022-11-22 09:40:00+00:00,1.22
2022-11-22 21:55:00+00:00,0.98
2022-11-23 10:20:00+00:00,0.96
2022-11-23 22:40:00+00:00,0.84
2022-11-24 10:55:00+00:00,0.77
2022-11-24 23:20:00+00:00,0.8
2022-11-25 11:35:00+00:00,0.69
2022-11-26 00:00:00+00:00,0.88
2022-11-26 12:30:00+00:00,0.75
2022-11-27 00:45:00+00:00,1.08
2022-11-27 13:15:00+00:00,0.89
2022-11-28 01:35:00+00:00,1.36
2022-11-28 14:10:00+00:00,1.13
2022-11-29 02:30:00+00:00,1.67
2022-11-29 15:10:00+00:00,1.39
2022-11-30 03:40:00+00:00,1.93
2022-11-30 16:20:00+00:00,1.58
2022-12-01 04:55:00+00:00,2.05
2022-12-01 17:45:00+00:00,1.64
2022-12-02 06:25:00+00:00,2.01
2022-12-02 19:05:00+00:00,1.59
2022-12-03 07:35:00+00:00,1.85
2022-12-03 20:00:00+00:00,1.49
2022-12-04 08:25:00+00:00,1.66
2022-12-04 20:50:00+00:00,1.4
2022-12-05 09:10:00+00:00,1.48
2022-12-05 21:30:00+00:00,1.33
2022-12-06 09:50:00+00:00,1.34
2022-12-06 22:05:00+00:00,1.29
2022-12-07 10:25:00+00:00,1.24
2022-12-07 22:35:00+00:00,1.29
2022-12-08 11:10:00+00:00,1.21
2022-12-08 23:10:00+00:00,1.34
2022-12-09 11:45:00+00:00,1.23
2022-12-09 23:45:00+00:00,1.43
2022-12-10 12:20:00+00:00,1.3
2022-12-11 00:30:00+00:00,1.56
2022-12-11 12:55:00+00:00,1.41
2022-12-12 00:55:00+00:00,1.7
2022-12-12 13:30:00+00:00,1.55
2022-12-13 01:45:00+00:00,1.87
2022-12-13 14:15:00+00:00,1.71
2022-12-14 02:20:00+00:00,2.03
2022-12-14 14:55:00+00:00,1.85
2022-12-15 03:15:00+00:00,2.18
2022-12-15 15:55:00+00:00,1.97
2022-12-16 04:10:00+00:00,2.28
2022-12-16 16:55:00+00:00,2.02
2022-12-17 05:20:00+00:00,2.3
2022-12-17 17:55:00+00:00,1.98
2022-12-18 06:30:00+00:00,2.2
2022-12-18 19:05:00+00:00,1.86
2022-12-19 07:30:00+00:00,1.99
2022-12-19 19:55:00+00:00,1.67
2022-12-20 08:20:00+00:00,1.71
2022-12-20 20:40:00+00:00,1.45
2022-12-21 09:15:00+00:00,1.41
2022-12-21 21:35:00+00:00,1.24
2022-12-22 09:55:00+00:00,1.11
2022-12-22 22:20:00+00:00,1.06
2022-12-23 10:45:00+00:00,0.86
2022-12-23 23:05:00+00:00,0.95
2022-12-24 11:30:00+00:00,0.69
2022-12-24 23:50:00+00:00,0.93
2022-12-25 12:20:00+00:00,0.62
2022-12-26 00:40:00+00:00,1.0
2022-12-26 13:10:00+00:00,0.67
2022-12-27 01:25:00+00:00,1.15
2022-12-27 13:55:00+00:00,0.82
2022-12-28 02:25:00+00:00,1.37
2022-12-28 14:50:00+00:00,1.06
2022-12-29 03:15:00+00:00,1.6
2022-12-29 15:50:00+00:00,1.33
2022-12-30 04:25:00+00:00,1.82
2022-12-30 16:55:00+00:00,1.57
2022-12-31 05:30:00+00:00,1.96
2022-12-31 18:15:00+00:00,1.74
2023-01-01 06:55:00+00:00,2.0
2023-01-01 19:15:00+00:00,1.8
2023-01-02 08:00:00+00:00,1.92
2023-01-02 20:25:00+00:00,1.8
2023-01-03 08:45:00+00:00,1.78
2023-01-03 21:15:00+00:00,1.74
2023-01-04 09:35:00+00:00,1.63
2023-01-04 21:50:00+00:00,1.66
2023-01-05 10:25:00+00:00,1.49
2023-01-05 22:25:00+00:00,1.58
2023-01-06 11:00:00+00:00,1.37
2023-01-06 23:05:00+00:00,1.52
2023-01-07 11:35:00+00:00,1.29
2023-01-07 23:40:00+00:00,1.48
2023-01-08 12:10:00+00:00,1.25
2023-01-09 00:15:00+00:00,1.47
2023-01-09 12:40:00+00:00,1.24
2023-01-10 00:50:00+00:00,1.49
2023-01-10 13:15:00+00:00,1.28
2023-01-11 01:25:00+00:00,1.54
2023-01-11 13:50:00+00:00,1.35
2023-01-12 02:00:00+00:00,1.63
2023-01-12 14:25:00+00:00,1.45
2023-01-13 02:40:00+00:00,1.75
2023-01-13 15:10:00+00:00,1.59
2023-01-14 03:25:00+00:00,1.89
2023-01-14 15:55:00+00:00,1.73
2023-01-15 04:15:00+00:00,2.02
2023-01-15 16:55:00+00:00,1.86
2023-01-16 05:25:00+00:00,2.1
2023-01-16 18:00:00+00:00,1.92
2023-01-17 06:40:00+00:00,2.06
2023-01-17 19:10:00+00:00,1.88
2023-01-18 07:50:00+00:00,1.87
2023-01-18 20:20:00+00:00,1.72
2023-01-19 08:45:00+00:00,1.56
2023-01-19 21:20:00+00:00,1.48
2023-01-20 09:50:00+00:00,1.21
2023-01-20 22:10:00+00:00,1.21
2023-01-21 10:35:00+00:00,0.85
2023-01-21 22:55:00+00:00,0.97
2023-01-22 11:20:00+00:00,0.56
2023-01-22 23:45:00+00:00,0.81
2023-01-23 12:10:00+00:00,0.39
2023-01-24 00:30:00+00:00,0.75
2023-01-24 12:55:00+00:00,0.37
2023-01-25 01:10:00+00:00,0.81
2023-01-25 13:35:00+00:00,0.51
2023-01-26 02:00:00+00:00,0.99
2023-01-26 14:20:00+00:00,0.79
2023-01-27 02:45:00+00:00,1.26
2023-01-27 15:15:00+00:00,1.17
2023-01-28 03:40:00+00:00,1.59
2023-01-28 16:00:00+00:00,1.56
2023-01-29 04:45:00+00:00,1.91
2023-01-29 17:05:00+00:00,1.91
2023-01-30 06:00:00+00:00,2.13
2023-01-30 18:35:00+00:00,2.13
2023-01-31 07:35:00+00:00,2.15
2023-01-31 20:05:00+00:00,2.16
2023-02-01 08:50:00+00:00,2.01
2023-02-01 20:55:00+00:00,2.04
2023-02-02 09:30:00+00:00,1.79
2023-02-02 21:50:00+00:00,1.87
2023-02-03 10:15:00+00:00,1.57
2023-02-03 22:20:00+00:00,1.68
2023-02-04 10:55:00+00:00,1.37
2023-02-04 23:00:00+00:00,1.51
2023-02-05 11:20:00+00:00,1.2
2023-02-05 23:30:00+00:00,1.36
2023-02-06 11:45:00+00:00,1.07
2023-02-06 23:55:00+00:00,1.24
2023-02-07 12:20:00+00:00,0.99
2023-02-08 00:30:00+00:00,1.17
2023-02-08 12:50:00+00:00,0.96
2023-02-09 00:55:00+00:00,1.15
2023-02-09 13:15:00+00:00,0.98
2023-02-10 01:35:00+00:00,1.21
2023-02-10 13:55:00+00:00,1.09
2023-02-11 02:10:00+00:00,1.33
2023-02-11 14:30:00+00:00,1.26
2023-02-12 02:50:00+00:00,1.51
2023-02-12 15:10:00+00:00,1.49
2023-02-13 03:40:00+00:00,1.74
2023-02-13 16:10:00+00:00,1.76
2023-02-14 04:40:00+00:00,1.95
2023-02-14 17:10:00+00:00,1.98
2023-02-15 05:50:00+00:00,2.05
2023-02-15 18:40:00+00:00,2.07
2023-02-16 07:25:00+00:00,1.94
2023-02-16 20:10:00+00:00,1.92
2023-02-17 08:40:00+00:00,1.6
2023-02-17 21:15:00+00:00,1.59
2023-02-18 09:40:00+00:00,1.16
2023-02-18 22:00:00+00:00,1.2
2023-02-19 10:30:00+00:00,0.73
2023-02-19 22:50:00+00:00,0.86
2023-02-20 11:15:00+00:00,0.38
2023-02-20 23:25:00+00:00,0.6
2023-02-21 11:50:00+00:00,0.18
2023-02-22 00:10:00+00:00,0.49
2023-02-22 12:35:00+00:00,0.18
2023-02-23 00:55:00+00:00,0.54
2023-02-23 13:15:00+00:00,0.36
2023-02-24 01:35:00+00:00,0.72
2023-02-24 13:55:00+00:00,0.7
2023-02-25 02:10:00+00:00,1.03
2023-02-25 14:30:00+00:00,1.13
2023-02-26 03:00:00+00:00,1.43
2023-02-26 15:20:00+00:00,1.61
2023-02-27 03:50:00+00:00,1.84
2023-02-27 16:15:00+00:00,2.05
2023-02-28 05:10:00+00:00,2.19
2023-02-28 17:50:00+00:00,2.38
2023-03-01 07:15:00+00:00,2.28
2023-03-01 19:50:00+00:00,2.4
2023-03-02 08:35:00+00:00,2.1
2023-03-02 20:50:00+00:00,2.2
2023-03-03 09:20:00+00:00,1.83
2023-03-03 21:35:00+00:00,1.94
2023-03-04 10:00:00+00:00,1.56
2023-03-04 22:10:00+00:00,1.67
2023-03-05 10:35:00+00:00,1.31
2023-03-05 22:35:00+00:00,1.42
2023-03-06 11:00:00+00:00,1.09
2023-03-06 23:05:00+00:00,1.2
2023-03-07 11:25:00+00:00,0.91
2023-03-07 23:35:00+00:00,1.02
2023-03-08 11:50:00+00:00,0.78
2023-03-09 00:00:00+00:00,0.89
2023-03-09 12:25:00+00:00,0.72
2023-03-10 00:30:00+00:00,0.84
2023-03-10 12:55:00+00:00,0.75
2023-03-11 01:05:00+00:00,0.88
2023-03-11 13:25:00+00:00,0.86
2023-03-12 01:45:00+00:00,1.02
2023-03-12 14:00:00+00:00,1.09
2023-03-13 02:20:00+00:00,1.24
2023-03-13 14:45:00+00:00,1.4
2023-03-14 03:10:00+00:00,1.53
2023-03-14 15:30:00+00:00,1.75
2023-03-15 04:05:00+00:00,1.82
2023-03-15 16:45:00+00:00,2.07
2023-03-16 05:30:00+00:00,1.99
2023-03-16 18:15:00+00:00,2.18
2023-03-17 07:15:00+00:00,1.87
2023-03-17 20:10:00+00:00,1.96
2023-03-18 08:30:00+00:00,1.48
2023-03-18 21:10:00+00:00,1.55
2023-03-19 09:25:00+00:00,1.02
2023-03-19 21:50:00+00:00,1.12
2023-03-20 10:15:00+00:00,0.61
2023-03-20 22:30:00+00:00,0.75
2023-03-21 10:55:00+00:00,0.31
2023-03-21 23:10:00+00:00,0.49
2023-03-22 11:30:00+00:00,0.17
2023-03-22 23:50:00+00:00,0.39
2023-03-23 12:10:00+00:00,0.22
2023-03-24 00:25:00+00:00,0.44
2023-03-24 12:45:00+00:00,0.44
2023-03-25 01:05:00+00:00,0.65
2023-03-25 13:20:00+00:00,0.79
2023-03-26 01:40:00+00:00,0.97
2023-03-26 14:00:00+00:00,1.23
2023-03-27 02:30:00+00:00,1.38
2023-03-27 14:35:00+00:00,1.69
2023-03-28 03:10:00+00:00,1.79
2023-03-28 15:25:00+00:00,2.13
2023-03-29 04:15:00+00:00,2.15
2023-03-29 16:45:00+00:00,2.47
2023-03-30 06:35:00+00:00,2.29
2023-03-30 19:20:00+00:00,2.51
2023-03-31 07:50:00+00:00,2.11
2023-03-31 20:25:00+00:00,2.28
2023-04-01 08:50:00+00:00,1.85
2023-04-01 21:05:00+00:00,1.98
2023-04-02 09:30:00+00:00,1.57
2023-04-02 21:40:00+00:00,1.68
2023-04-03 10:00:00+00:00,1.3
2023-04-03 22:05:00+00:00,1.39
2023-04-04 10:25:00+00:00,1.06
2023-04-04 22:30:00+00:00,1.13
2023-04-05 10:55:00+00:00,0.86
2023-04-05 23:00:00+00:00,0.91
2023-04-06 11:20:00+00:00,0.71
2023-04-06 23:35:00+00:00,0.76
2023-04-07 11:50:00+00:00,0.64
2023-04-08 00:05:00+00:00,0.68
2023-04-08 12:20:00+00:00,0.67
2023-04-09 00:45:00+00:00,0.73
2023-04-09 12:55:00+00:00,0.82
2023-04-10 01:20:00+00:00,0.86
2023-04-10 13:40:00+00:00,1.09
2023-04-11 02:05:00+00:00,1.11
2023-04-11 14:15:00+00:00,1.43
2023-04-12 02:50:00+00:00,1.41
2023-04-12 15:10:00+00:00,1.81
2023-04-13 03:50:00+00:00,1.7
2023-04-13 16:35:00+00:00,2.11
2023-04-14 05:20:00+00:00,1.83
2023-04-14 18:20:00+00:00,2.14
2023-04-15 07:05:00+00:00,1.67
2023-04-15 19:45:00+00:00,1.86
2023-04-16 08:10:00+00:00,1.32
2023-04-16 20:40:00+00:00,1.47
2023-04-17 09:10:00+00:00,0.96
2023-04-17 21:25:00+00:00,1.09
2023-04-18 09:45:00+00:00,0.65
2023-04-18 22:05:00+00:00,0.78
2023-04-19 10:25:00+00:00,0.46
2023-04-19 22:45:00+00:00,0.58
2023-04-20 11:05:00+00:00,0.41
2023-04-20 23:25:00+00:00,0.51
2023-04-21 11:40:00+00:00,0.5
2023-04-22 00:00:00+00:00,0.58
2023-04-22 12:15:00+00:00,0.72
2023-04-23 00:40:00+00:00,0.77
2023-04-23 12:50:00+00:00,1.03
2023-04-24 01:20:00+00:00,1.06
2023-04-24 13:30:00+00:00,1.4
2023-04-25 02:05:00+00:00,1.4
2023-04-25 14:05:00+00:00,1.78
2023-04-26 02:45:00+00:00,1.74
2023-04-26 14:55:00+00:00,2.14
2023-04-27 03:45:00+00:00,2.04
2023-04-27 16:10:00+00:00,2.42
2023-04-28 05:25:00+00:00,2.19
2023-04-28 18:00:00+00:00,2.49
2023-04-29 07:10:00+00:00,2.1
2023-04-29 19:30:00+00:00,2.32
2023-04-30 08:05:00+00:00,1.89
2023-04-30 20:25:00+00:00,2.06
2023-05-01 08:35:00+00:00,1.64
2023-05-01 20:50:00+00:00,1.76
2023-05-02 09:20:00+00:00,1.4
2023-05-02 21:25:00+00:00,1.47
2023-05-03 09:45:00+00:00,1.16
2023-05-03 22:05:00+00:00,1.2
2023-05-04 10:20:00+00:00,0.96
2023-05-04 22:30:00+00:00,0.95
2023-05-05 10:45:00+00:00,0.8
2023-05-05 23:05:00+00:00,0.77
2023-05-06 11:20:00+00:00,0.73
2023-05-06 23:45:00+00:00,0.69
2023-05-07 12:00:00+00:00,0.77
2023-05-08 00:20:00+00:00,0.69
2023-05-08 12:40:00+00:00,0.92
2023-05-09 01:05:00+00:00,0.81
2023-05-09 13:25:00+00:00,1.18
2023-05-10 01:50:00+00:00,1.02
2023-05-10 14:10:00+00:00,1.48
2023-05-11 02:50:00+00:00,1.28
2023-05-11 15:15:00+00:00,1.79
2023-05-12 03:55:00+00:00,1.5
2023-05-12 16:25:00+00:00,1.98
2023-05-13 05:20:00+00:00,1.58
2023-05-13 18:05:00+00:00,1.97
2023-05-14 06:45:00+00:00,1.48
2023-05-14 19:20:00+00:00,1.76
2023-05-15 07:45:00+00:00,1.27
2023-05-15 20:15:00+00:00,1.48
2023-05-16 08:40:00+00:00,1.07
2023-05-16 21:05:00+00:00,1.21
2023-05-17 09:20:00+00:00,0.91
2023-05-17 21:40:00+00:00,0.99
2023-05-18 10:05:00+00:00,0.83
2023-05-18 22:20:00+00:00,0.85
2023-05-19 10:40:00+00:00,0.83
2023-05-19 23:05:00+00:00,0.81
2023-05-20 11:20:00+00:00,0.92
2023-05-20 23:40:00+00:00,0.85
2023-05-21 11:55:00+00:00,1.08
2023-05-22 00:20:00+00:00,0.98
2023-05-22 12:30:00+00:00,1.29
2023-05-23 01:00:00+00:00,1.17
2023-05-23 13:10:00+00:00,1.54
2023-05-24 01:40:00+00:00,1.4
2023-05-24 13:55:00+00:00,1.8
2023-05-25 02:30:00+00:00,1.64
2023-05-25 14:30:00+00:00,2.03
2023-05-26 03:25:00+00:00,1.85
2023-05-26 15:30:00+00:00,2.22
2023-05-27 04:30:00+00:00,1.99
2023-05-27 16:45:00+00:00,2.32
2023-05-28 05:40:00+00:00,2.01
2023-05-28 18:10:00+00:00,2.29
2023-05-29 06:45:00+00:00,1.92
2023-05-29 19:15:00+00:00,2.13
2023-05-30 07:40:00+00:00,1.76
2023-05-30 20:10:00+00:00,1.9
2023-05-31 08:25:00+00:00,1.57
2023-05-31 20:45:00+00:00,1.63
2023-06-01 09:00:00+00:00,1.36
2023-06-01 21:20:00+00:00,1.35
2023-06-02 09:40:00+00:00,1.17
2023-06-02 22:05:00+00:00,1.1
2023-06-03 10:15:00+00:00,1.01
2023-06-03 22:45:00+00:00,0.89
2023-06-04 10:55:00+00:00,0.92
2023-06-04 23:20:00+00:00,0.74
2023-06-05 11:35:00+00:00,0.91
2023-06-06 00:10:00+00:00,0.69
2023-06-06 12:25:00+00:00,1.0
2023-06-07 00:50:00+00:00,0.72
2023-06-07 13:15:00+00:00,1.16
2023-06-08 01:45:00+00:00,0.85
2023-06-08 14:10:00+00:00,1.37
2023-06-09 02:45:00+00:00,1.03
2023-06-09 15:10:00+00:00,1.58
2023-06-10 03:45:00+00:00,1.21
2023-06-10 16:15:00+00:00,1.73
2023-06-11 04:55:00+00:00,1.35
2023-06-11 17:25:00+00:00,1.78
2023-06-12 06:10:00+00:00,1.41
2023-06-12 18:35:00+00:00,1.73
2023-06-13 07:10:00+00:00,1.4
2023-06-13 19:50:00+00:00,1.61
2023-06-14 08:05:00+00:00,1.36
2023-06-14 20:35:00+00:00,1.45
2023-06-15 09:00:00+00:00,1.32
2023-06-15 21:25:00+00:00,1.31
2023-06-16 09:45:00+00:00,1.29
2023-06-16 22:05:00+00:00,1.19
2023-06-17 10:25:00+00:00,1.28
2023-06-17 22:50:00+00:00,1.12
2023-06-18 11:05:00+00:00,1.3
2023-06-18 23:30:00+00:00,1.1
2023-06-19 11:40:00+00:00,1.35
2023-06-20 00:10:00+00:00,1.13
2023-06-20 12:15:00+00:00,1.43
2023-06-21 00:45:00+00:00,1.2
2023-06-21 12:55:00+00:00,1.54
2023-06-22 01:20:00+00:00,1.31
2023-06-22 13:30:00+00:00,1.66
2023-06-23 02:10:00+00:00,1.45
2023-06-23 14:15:00+00:00,1.8
2023-06-24 02:50:00+00:00,1.59
2023-06-24 14:55:00+00:00,1.93
2023-06-25 03:35:00+00:00,1.72
2023-06-25 15:55:00+00:00,2.05
2023-06-26 04:25:00+00:00,1.82
2023-06-26 16:50:00+00:00,2.12
2023-06-27 05:25:00+00:00,1.87
2023-06-27 17:55:00+00:00,2.11
2023-06-28 06:20:00+00:00,1.85
2023-06-28 18:55:00+00:00,2.0
2023-06-29 07:30:00+00:00,1.77
2023-06-29 19:50:00+00:00,1.8
2023-06-30 08:20:00+00:00,1.62
2023-06-30 20:50:00+00:00,1.55
2023-07-01 09:15:00+00:00,1.44
2023-07-01 21:40:00+00:00,1.27
2023-07-02 10:00:00+00:00,1.25
2023-07-02 22:25:00+00:00,0.99
2023-07-03 10:45:00+00:00,1.08
2023-07-03 23:10:00+00:00,0.75
2023-07-04 11:25:00+00:00,0.96
2023-07-04 23:55:00+00:00,0.58
2023-07-05 12:15:00+00:00,0.92
2023-07-06 00:45:00+00:00,0.52
2023-07-06 13:05:00+00:00,0.96
2023-07-07 01:35:00+00:00,0.57
2023-07-07 13:55:00+00:00,1.08
2023-07-08 02:25:00+00:00,0.73
2023-07-08 14:45:00+00:00,1.26
2023-07-09 03:15:00+00:00,0.97
2023-07-09 15:50:00+00:00,1.48
2023-07-10 04:15:00+00:00,1.25
2023-07-10 16:50:00+00:00,1.68
2023-07-11 05:15:00+00:00,1.5
2023-07-11 18:00:00+00:00,1.81
2023-07-12 06:30:00+00:00,1.68
2023-07-12 19:15:00+00:00,1.83
2023-07-13 07:40:00+00:00,1.76
2023-07-13 20:15:00+00:00,1.74
2023-07-14 08:45:00+00:00,1.75
2023-07-14 21:15:00+00:00,1.6
2023-07-15 09:30:00+00:00,1.68
2023-07-15 22:05:00+00:00,1.45
2023-07-16 10:15:00+00:00,1.59
2023-07-16 22:40:00+00:00,1.3
2023-07-17 10:55:00+00:00,1.5
2023-07-17 23:20:00+00:00,1.19
2023-07-18 11:35:00+00:00,1.43
2023-07-19 00:00:00+00:00,1.13
2023-07-19 12:05:00+00:00,1.39
2023-07-20 00:30:00+00:00,1.11
2023-07-20 12:35:00+00:00,1.38
2023-07-21 01:05:00+00:00,1.14
2023-07-21 13:10:00+00:00,1.42
2023-07-22 01:40:00+00:00,1.21
2023-07-22 13:50:00+00:00,1.5
2023-07-23 02:05:00+00:00,1.31
2023-07-23 14:20:00+00:00,1.61
2023-07-24 02:50:00+00:00,1.46
2023-07-24 15:10:00+00:00,1.76
2023-07-25 03:35:00+00:00,1.63
2023-07-25 15:55:00+00:00,1.91
2023-07-26 04:25:00+00:00,1.8
2023-07-26 16:55:00+00:00,2.04
2023-07-27 05:20:00+00:00,1.93
2023-07-27 18:00:00+00:00,2.07
2023-07-28 06:25:00+00:00,1.97
2023-07-28 19:15:00+00:00,1.96
2023-07-29 07:55:00+00:00,1.89
2023-07-29 20:25:00+00:00,1.71
2023-07-30 08:55:00+00:00,1.67
2023-07-30 21:20:00+00:00,1.36
2023-07-31 09:40:00+00:00,1.38
2023-07-31 22:10:00+00:00,0.98
2023-08-01 10:35:00+00:00,1.09
2023-08-01 23:00:00+00:00,0.63
2023-08-02 11:20:00+00:00,0.85
2023-08-02 23:45:00+00:00,0.37
2023-08-03 12:05:00+00:00,0.7
2023-08-04 00:35:00+00:00,0.27
2023-08-04 12:50:00+00:00,0.67
2023-08-05 01:15:00+00:00,0.31
2023-08-05 13:35:00+00:00,0.78
2023-08-06 02:00:00+00:00,0.54
2023-08-06 14:25:00+00:00,1.02
2023-08-07 02:45:00+00:00,0.89
2023-08-07 15:10:00+00:00,1.32
2023-08-08 03:30:00+00:00,1.31
2023-08-08 16:05:00+00:00,1.67
2023-08-09 04:40:00+00:00,1.73
2023-08-09 17:15:00+00:00,1.96
2023-08-10 05:55:00+00:00,2.04
2023-08-10 18:55:00+00:00,2.07
2023-08-11 07:30:00+00:00,2.15
2023-08-11 20:30:00+00:00,1.97
2023-08-12 08:45:00+00:00,2.07
2023-08-12 21:20:00+00:00,1.76
2023-08-13 09:35:00+00:00,1.9
2023-08-13 22:05:00+00:00,1.54
2023-08-14 10:10:00+00:00,1.7
2023-08-14 22:40:00+00:00,1.33
2023-08-15 10:40:00+00:00,1.51
2023-08-15 23:10:00+00:00,1.16
2023-08-16 11:20:00+00:00,1.36
2023-08-16 23:40:00+00:00,1.04
2023-08-17 11:45:00+00:00,1.24
2023-08-18 00:10:00+00:00,0.97
2023-08-18 12:10:00+00:00,1.17
2023-08-19 00:35:00+00:00,0.95
2023-08-19 12:40:00+00:00,1.16
2023-08-20 01:05:00+00:00,0.99
2023-08-20 13:15:00+00:00,1.22
2023-08-21 01:35:00+00:00,1.1
2023-08-21 13:50:00+00:00,1.34
2023-08-22 02:15:00+00:00,1.28
2023-08-22 14:30:00+00:00,1.52
2023-08-23 02:45:00+00:00,1.51
2023-08-23 15:15:00+00:00,1.75
2023-08-24 03:35:00+00:00,1.79
2023-08-24 16:15:00+00:00,1.98
2023-08-25 04:40:00+00:00,2.05
2023-08-25 17:20:00+00:00,2.12
2023-08-26 06:05:00+00:00,2.19
2023-08-26 18:50:00+00:00,2.06
2023-08-27 07:35:00+00:00,2.09
2023-08-27 20:15:00+00:00,1.76
2023-08-28 08:40:00+00:00,1.77
2023-08-28 21:15:00+00:00,1.32
2023-08-29 09:35:00+00:00,1.37
2023-08-29 22:05:00+00:00,0.86
2023-08-30 10:20:00+00:00,0.98
2023-08-30 22:45:00+00:00,0.46
2023-08-31 11:05:00+00:00,0.67
2023-08-31 23:25:00+00:00,0.19
2023-09-01 11:45:00+00:00,0.48
2023-09-02 00:05:00+00:00,0.11
2023-09-02 12:25:00+00:00,0.46
2023-09-03 00:50:00+00:00,0.24
2023-09-03 13:05:00+00:00,0.6
2023-09-04 01:30:00+00:00,0.55
2023-09-04 13:50:00+00:00,0.9
2023-09-05 02:10:00+00:00,0.99
2023-09-05 14:35:00+00:00,1.3
2023-09-06 03:00:00+00:00,1.5
2023-09-06 15:30:00+00:00,1.74
2023-09-07 03:55:00+00:00,1.99
2023-09-07 16:45:00+00:00,2.12
2023-09-08 05:10:00+00:00,2.36
2023-09-08 19:00:00+00:00,2.25
2023-09-09 07:25:00+00:00,2.42
2023-09-09 20:10:00+00:00,2.07
2023-09-10 08:40:00+00:00,2.24
2023-09-10 21:05:00+00:00,1.82
2023-09-11 09:20:00+00:00,1.98
2023-09-11 21:45:00+00:00,1.56
2023-09-12 09:55:00+00:00,1.72
2023-09-12 22:10:00+00:00,1.32
2023-09-13 10:25:00+00:00,1.48
2023-09-13 22:45:00+00:00,1.13
2023-09-14 10:55:00+00:00,1.28
2023-09-14 23:10:00+00:00,0.98
2023-09-15 11:20:00+00:00,1.12
2023-09-15 23:35:00+00:00,0.88
2023-09-16 11:45:00+00:00,1.02
2023-09-17 00:00:00+00:00,0.84
2023-09-17 12:10:00+00:00,0.98
2023-09-18 00:30:00+00:00,0.88
2023-09-18 12:50:00+00:00,1.04
2023-09-19 01:00:00+00:00,1.0
2023-09-19 13:20:00+00:00,1.16
2023-09-20 01:35:00+00:00,1.22
2023-09-20 13:55:00+00:00,1.37
2023-09-21 02:20:00+00:00,1.52
2023-09-21 14:45:00+00:00,1.65
2023-09-22 03:05:00+00:00,1.86
2023-09-22 15:45:00+00:00,1.94
2023-09-23 04:05:00+00:00,2.18
2023-09-23 16:55:00+00:00,2.12
2023-09-24 05:35:00+00:00,2.33
2023-09-24 18:45:00+00:00,2.04
2023-09-25 07:35:00+00:00,2.15
2023-09-25 20:10:00+00:00,1.67
2023-09-26 08:40:00+00:00,1.75
2023-09-26 21:00:00+00:00,1.2
2023-09-27 09:25:00+00:00,1.3
2023-09-27 21:40:00+00:00,0.75
2023-09-28 10:00:00+00:00,0.89
2023-09-28 22:20:00+00:00,0.4
2023-09-29 10:45:00+00:00,0.59
2023-09-29 23:00:00+00:00,0.21
2023-09-30 11:20:00+00:00,0.43
2023-09-30 23:40:00+00:00,0.21
2023-10-01 12:00:00+00:00,0.44
2023-10-02 00:20:00+00:00,0.4
2023-10-02 12:45:00+00:00,0.64
2023-10-03 00:55:00+00:00,0.75
2023-10-03 13:20:00+00:00,0.95
2023-10-04 01:40:00+00:00,1.21
2023-10-04 14:10:00+00:00,1.37
2023-10-05 02:20:00+00:00,1.71
2023-10-05 15:00:00+00:00,1.81
2023-10-06 03:10:00+00:00,2.18
2023-10-06 16:10:00+00:00,2.19
2023-10-07 04:35:00+00:00,2.54
2023-10-07 18:25:00+00:00,2.31
2023-10-08 06:55:00+00:00,2.56
2023-10-08 19:50:00+00:00,2.14
2023-10-09 08:05:00+00:00,2.34
2023-10-09 20:35:00+00:00,1.89
2023-10-10 08:50:00+00:00,2.06
2023-10-10 21:10:00+00:00,1.63
2023-10-11 09:25:00+00:00,1.78
2023-10-11 21:50:00+00:00,1.4
2023-10-12 09:50:00+00:00,1.52
2023-10-12 22:05:00+00:00,1.19
2023-10-13 10:25:00+00:00,1.3
2023-10-13 22:35:00+00:00,1.03
2023-10-14 10:45:00+00:00,1.11
2023-10-14 23:05:00+00:00,0.92
2023-10-15 11:15:00+00:00,0.98
2023-10-15 23:30:00+00:00,0.87
2023-10-16 11:45:00+00:00,0.92
2023-10-17 00:05:00+00:00,0.91
2023-10-17 12:20:00+00:00,0.95
2023-10-18 00:35:00+00:00,1.04
2023-10-18 12:55:00+00:00,1.08
2023-10-19 01:05:00+00:00,1.27
2023-10-19 13:40:00+00:00,1.3
2023-10-20 01:55:00+00:00,1.59
2023-10-20 14:30:00+00:00,1.58
2023-10-21 02:45:00+00:00,1.94
2023-10-21 15:25:00+00:00,1.85
2023-10-22 04:00:00+00:00,2.24
2023-10-22 16:50:00+00:00,2.0
2023-10-23 05:30:00+00:00,2.31
2023-10-23 18:20:00+00:00,1.87
2023-10-24 07:15:00+00:00,2.08
2023-10-24 19:35:00+00:00,1.53
2023-10-25 08:10:00+00:00,1.69
2023-10-25 20:35:00+00:00,1.15
2023-10-26 08:55:00+00:00,1.29
2023-10-26 21:20:00+00:00,0.81
2023-10-27 09:40:00+00:00,0.95
2023-10-27 22:00:00+00:00,0.58
2023-10-28 10:20:00+00:00,0.71
2023-10-28 22:35:00+00:00,0.48
2023-10-29 11:00:00+00:00,0.6
2023-10-29 23:15:00+00:00,0.54
2023-10-30 11:35:00+00:00,0.63
2023-10-30 23:55:00+00:00,0.75
2023-10-31 12:20:00+00:00,0.81
2023-11-01 00:30:00+00:00,1.06
2023-11-01 13:00:00+00:00,1.09
2023-11-02 01:15:00+00:00,1.45
2023-11-02 13:40:00+00:00,1.44
2023-11-03 01:50:00+00:00,1.85
2023-11-03 14:35:00+00:00,1.81
2023-11-04 02:45:00+00:00,2.23
2023-11-04 15:35:00+00:00,2.12
2023-11-05 03:50:00+00:00,2.51
2023-11-05 17:15:00+00:00,2.27
2023-11-06 05:50:00+00:00,2.59
2023-11-06 18:50:00+00:00,2.19
2023-11-07 07:15:00+00:00,2.44
2023-11-07 19:40:00+00:00,2.0
2023-11-08 08:05:00+00:00,2.2
2023-11-08 20:30:00+00:00,1.79
2023-11-09 08:45:00+00:00,1.94
2023-11-09 21:05:00+00:00,1.58
2023-11-10 09:15:00+00:00,1.68
2023-11-10 21:30:00+00:00,1.38
2023-11-11 09:45:00+00:00,1.44
2023-11-11 22:00:00+00:00,1.21
2023-11-12 10:20:00+00:00,1.23
2023-11-12 22:35:00+00:00,1.09
2023-11-13 10:45:00+00:00,1.06
2023-11-13 23:05:00+00:00,1.02
2023-11-14 11:20:00+00:00,0.96
2023-11-14 23:40:00+00:00,1.03
2023-11-15 12:00:00+00:00,0.95
2023-11-16 00:15:00+00:00,1.14
2023-11-16 12:40:00+00:00,1.03
2023-11-17 00:55:00+00:00,1.33
2023-11-17 13:25:00+00:00,1.19
2023-11-18 01:40:00+00:00,1.59
2023-11-18 14:20:00+00:00,1.41
2023-11-19 02:40:00+00:00,1.87
2023-11-19 15:15:00+00:00,1.61
2023-11-20 03:50:00+00:00,2.08
2023-11-20 16:35:00+00:00,1.72
2023-11-21 05:10:00+00:00,2.12
2023-11-21 17:55:00+00:00,1.66
2023-11-22 06:35:00+00:00,1.97
2023-11-22 19:10:00+00:00,1.48
2023-11-23 07:45:00+00:00,1.71
2023-11-23 20:05:00+00:00,1.26
2023-11-24 08:25:00+00:00,1.42
2023-11-24 20:55:00+00:00,1.08
2023-11-25 09:20:00+00:00,1.18
2023-11-25 21:35:00+00:00,0.96
2023-11-26 10:00:00+00:00,1.0
2023-11-26 22:20:00+00:00,0.93
2023-11-27 10:40:00+00:00,0.91
2023-11-27 23:00:00+00:00,0.99
2023-11-28 11:20:00+00:00,0.92
2023-11-28 23:40:00+00:00,1.13
2023-11-29 12:00:00+00:00,1.02
2023-11-30 00:15:00+00:00,1.33
2023-11-30 12:45:00+00:00,1.2
2023-12-01 00:55:00+00:00,1.57
2023-12-01 13:30:00+00:00,1.43
2023-12-02 01:40:00+00:00,1.83
2023-12-02 14:15:00+00:00,1.67
2023-12-03 02:20:00+00:00,2.07
2023-12-03 15:05:00+00:00,1.9
2023-12-04 03:20:00+00:00,2.28
2023-12-04 16:00:00+00:00,2.07
2023-12-05 04:30:00+00:00,2.42
2023-12-05 17:25:00+00:00,2.15
2023-12-06 05:40:00+00:00,2.44
2023-12-06 18:35:00+00:00,2.11
2023-12-07 07:00:00+00:00,2.34
2023-12-07 19:30:00+00:00,1.99
2023-12-08 07:55:00+00:00,2.15
2023-12-08 20:10:00+00:00,1.83
2023-12-09 08:30:00+00:00,1.91
2023-12-09 20:55:00+00:00,1.66
2023-12-10 09:10:00+00:00,1.66
2023-12-10 21:25:00+00:00,1.48
2023-12-11 09:50:00+00:00,1.42
2023-12-11 22:10:00+00:00,1.33
2023-12-12 10:25:00+00:00,1.2
2023-12-12 22:40:00+00:00,1.2
2023-12-13 11:00:00+00:00,1.02
2023-12-13 23:20:00+00:00,1.14
2023-12-14 11:50:00+00:00,0.92
2023-12-15 00:05:00+00:00,1.15
2023-12-15 12:35:00+00:00,0.89
2023-12-16 00:45:00+00:00,1.23
2023-12-16 13:20:00+00:00,0.94
2023-12-17 01:40:00+00:00,1.38
2023-12-17 14:10:00+00:00,1.06
2023-12-18 02:35:00+00:00,1.56
2023-12-18 15:10:00+00:00,1.23
2023-12-19 03:35:00+00:00,1.73
2023-12-19 16:05:00+00:00,1.39
2023-12-20 04:40:00+00:00,1.85
2023-12-20 17:15:00+00:00,1.51
2023-12-21 05:50:00+00:00,1.88
2023-12-21 18:30:00+00:00,1.56
2023-12-22 07:05:00+00:00,1.81
2023-12-22 19:35:00+00:00,1.54
2023-12-23 08:15:00+00:00,1.67
2023-12-23 20:30:00+00:00,1.49
2023-12-24 09:05:00+00:00,1.5
2023-12-24 21:20:00+00:00,1.43
2023-12-25 09:55:00+00:00,1.34
2023-12-25 22:05:00+00:00,1.38
2023-12-26 10:30:00+00:00,1.21
2023-12-26 22:50:00+00:00,1.36
2023-12-27 11:15:00+00:00,1.14
2023-12-27 23:30:00+00:00,1.37
2023-12-28 12:00:00+00:00,1.13
2023-12-29 00:05:00+00:00,1.41
2023-12-29 12:35:00+00:00,1.17
2023-12-30 00:40:00+00:00,1.49
2023-12-30 13:10:00+00:00,1.27
2023-12-31 01:25:00+00:00,1.61
2023-12-31 13:45:00+00:00,1.41
2024-01-01 02:00:00+00:00,1.75
2024-01-01 14:30:00+00:00,1.58
2024-01-02 02:40:00+00:00,1.91
2024-01-02 15:10:00+00:00,1.75
2024-01-03 03:25:00+00:00,2.07
2024-01-03 16:00:00+00:00,1.91
2024-01-04 04:15:00+00:00,2.21
2024-01-04 16:55:00+00:00,2.04
2024-01-05 05:25:00+00:00,2.3
2024-01-05 18:00:00+00:00,2.1
2024-01-06 06:35:00+00:00,2.27
2024-01-06 19:05:00+00:00,2.07
2024-01-07 07:40:00+00:00,2.12
2024-01-07 20:10:00+00:00,1.95
2024-01-08 08:35:00+00:00,1.88
2024-01-08 21:00:00+00:00,1.76
2024-01-09 09:25:00+00:00,1.59
2024-01-09 21:50:00+00:00,1.54
2024-01-10 10:10:00+00:00,1.28
2024-01-10 22:30:00+00:00,1.31
2024-01-11 11:00:00+00:00,0.99
2024-01-11 23:15:00+00:00,1.11
2024-01-12 11:40:00+00:00,0.74
2024-01-12 23:55:00+00:00,0.97
2024-01-13 12:25:00+00:00,0.58
2024-01-14 00:40:00+00:00,0.92
2024-01-14 13:10:00+00:00,0.54
2024-01-15 01:30:00+00:00,0.97
2024-01-15 13:55:00+00:00,0.63
2024-01-16 02:15:00+00:00,1.11
2024-01-16 14:45:00+00:00,0.85
2024-01-17 03:05:00+00:00,1.33
2024-01-17 15:35:00+00:00,1.15
2024-01-18 04:05:00+00:00,1.6
2024-01-18 16:35:00+00:00,1.48
2024-01-19 05:15:00+00:00,1.84
2024-01-19 17:50:00+00:00,1.76
2024-01-20 06:30:00+00:00,1.96
2024-01-20 19:10:00+00:00,1.91
2024-01-21 08:00:00+00:00,1.92
2024-01-21 20:25:00+00:00,1.91
2024-01-22 09:00:00+00:00,1.75
2024-01-22 21:20:00+00:00,1.8
2024-01-23 09:50:00+00:00,1.54
2024-01-23 22:10:00+00:00,1.66
2024-01-24 10:35:00+00:00,1.34
2024-01-24 22:50:00+00:00,1.51
2024-01-25 11:15:00+00:00,1.18
2024-01-25 23:20:00+00:00,1.38
2024-01-26 11:50:00+00:00,1.07
2024-01-27 00:00:00+00:00,1.31
2024-01-27 12:25:00+00:00,1.03
2024-01-28 00:30:00+00:00,1.27
2024-01-28 12:55:00+00:00,1.05
2024-01-29 00:55:00+00:00,1.29
2024-01-29 13:20:00+00:00,1.12
2024-01-30 01:25:00+00:00,1.37
2024-01-30 13:55:00+00:00,1.25
2024-01-31 02:05:00+00:00,1.51
2024-01-31 14:25:00+00:00,1.42
2024-02-01 02:45:00+00:00,1.69
2024-02-01 15:05:00+00:00,1.63
2024-02-02 03:25:00+00:00,1.89
2024-02-02 15:50:00+00:00,1.86
2024-02-03 04:20:00+00:00,2.1
2024-02-03 16:50:00+00:00,2.08
2024-02-04 05:25:00+00:00,2.24
2024-02-04 17:55:00+00:00,2.21
2024-02-05 06:55:00+00:00,2.23
2024-02-05 19:30:00+00:00,2.18
2024-02-06 08:15:00+00:00,2.01
2024-02-06 20:40:00+00:00,1.95
2024-02-07 09:15:00+00:00,1.65
2024-02-07 21:40:00+00:00,1.62
2024-02-08 10:00:00+00:00,1.22
2024-02-08 22:15:00+00:00,1.25
2024-02-09 10:45:00+00:00,0.8
2024-02-09 23:05:00+00:00,0.92
2024-02-10 11:25:00+00:00,0.45
2024-02-10 23:40:00+00:00,0.66
2024-02-11 12:10:00+00:00,0.23
2024-02-12 00:25:00+00:00,0.53
2024-02-12 12:50:00+00:00,0.18
2024-02-13 01:05:00+00:00,0.55
2024-02-13 13:30:00+00:00,0.32
2024-02-14 01:55:00+00:00,0.73
2024-02-14 14:15:00+00:00,0.64
2024-02-15 02:40:00+00:00,1.04
2024-02-15 15:00:00+00:00,1.08
2024-02-16 03:30:00+00:00,1.43
2024-02-16 15:55:00+00:00,1.57
2024-02-17 04:35:00+00:00,1.83
2024-02-17 17:00:00+00:00,2.0
2024-02-18 05:55:00+00:00,2.09
2024-02-18 18:50:00+00:00,2.24
2024-02-19 08:00:00+00:00,2.06
2024-02-19 20:20:00+00:00,2.17
2024-02-20 09:00:00+00:00,1.83
2024-02-20 21:15:00+00:00,1.96
2024-02-21 09:50:00+00:00,1.57
2024-02-21 22:05:00+00:00,1.72
2024-02-22 10:25:00+00:00,1.32
2024-02-22 22:35:00+00:00,1.48
2024-02-23 11:00:00+00:00,1.12
2024-02-23 23:05:00+00:00,1.28
2024-02-24 11:30:00+00:00,0.97
2024-02-24 23:35:00+00:00,1.13
2024-02-25 12:00:00+00:00,0.89
2024-02-26 00:00:00+00:00,1.04
2024-02-26 12:20:00+00:00,0.86
2024-02-27 00:30:00+00:00,1.02
2024-02-27 12:55:00+00:00,0.92
2024-02-28 01:00:00+00:00,1.07
2024-02-28 13:20:00+00:00,1.02
2024-02-29 01:35:00+00:00,1.19
2024-02-29 13:45:00+00:00,1.19
2024-03-01 02:05:00+00:00,1.37
2024-03-01 14:25:00+00:00,1.44
2024-03-02 02:45:00+00:00,1.61
2024-03-02 15:10:00+00:00,1.74
2024-03-03 03:40:00+00:00,1.89
2024-03-03 16:00:00+00:00,2.05
2024-03-04 04:45:00+00:00,2.13
2024-03-04 17:20:00+00:00,2.29
2024-03-05 06:15:00+00:00,2.2
2024-03-05 18:55:00+00:00,2.29
2024-03-06 07:55:00+00:00,1.98
2024-03-06 20:30:00+00:00,1.99
2024-03-07 09:00:00+00:00,1.55
2024-03-07 21:25:00+00:00,1.56
2024-03-08 09:45:00+00:00,1.05
2024-03-08 22:10:00+00:00,1.11
2024-03-09 10:20:00+00:00,0.58
2024-03-09 22:45:00+00:00,0.7
2024-03-10 11:05:00+00:00,0.22
2024-03-10 23:25:00+00:00,0.41
2024-03-11 11:45:00+00:00,0.03
2024-03-12 00:05:00+00:00,0.27
2024-03-12 12:25:00+00:00,0.04
2024-03-13 00:45:00+00:00,0.32
2024-03-13 13:05:00+00:00,0.27
2024-03-14 01:25:00+00:00,0.54
2024-03-14 13:45:00+00:00,0.67
2024-03-15 02:10:00+00:00,0.92
2024-03-15 14:30:00+00:00,1.19
2024-03-16 03:00:00+00:00,1.38
2024-03-16 15:20:00+00:00,1.73
2024-03-17 04:05:00+00:00,1.84
2024-03-17 16:25:00+00:00,2.2
2024-03-18 05:45:00+00:00,2.14
2024-03-18 18:50:00+00:00,2.43
2024-03-19 07:50:00+00:00,2.07
2024-03-19 20:20:00+00:00,2.28
2024-03-20 08:50:00+00:00,1.83
2024-03-20 21:05:00+00:00,2.01
2024-03-21 09:25:00+00:00,1.56
2024-03-21 21:40:00+00:00,1.72
2024-03-22 10:05:00+00:00,1.32
2024-03-22 22:10:00+00:00,1.45
2024-03-23 10:30:00+00:00,1.11
2024-03-23 22:45:00+00:00,1.24
2024-03-24 11:05:00+00:00,0.96
2024-03-24 23:05:00+00:00,1.05
2024-03-25 11:20:00+00:00,0.85
2024-03-25 23:35:00+00:00,0.94
2024-03-26 11:50:00+00:00,0.81
2024-03-27 00:05:00+00:00,0.89
2024-03-27 12:20:00+00:00,0.84
2024-03-28 00:35:00+00:00,0.91
2024-03-28 12:45:00+00:00,0.94
2024-03-29 01:05:00+00:00,1.01
2024-03-29 13:20:00+00:00,1.13
2024-03-30 01:40:00+00:00,1.19
2024-03-30 13:50:00+00:00,1.39
2024-03-31 02:20:00+00:00,1.44
2024-03-31 14:30:00+00:00,1.71
2024-04-01 03:10:00+00:00,1.73
2024-04-01 15:35:00+00:00,2.05
2024-04-02 04:20:00+00:00,1.98
2024-04-02 16:55:00+00:00,2.29
2024-04-03 05:50:00+00:00,2.04
2024-04-03 18:45:00+00:00,2.25
2024-04-04 07:30:00+00:00,1.8
2024-04-04 20:10:00+00:00,1.91
2024-04-05 08:35:00+00:00,1.37
2024-04-05 20:55:00+00:00,1.45
2024-04-06 09:15:00+00:00,0.9
2024-04-06 21:40:00+00:00,1.0
2024-04-07 10:00:00+00:00,0.5
2024-04-07 22:20:00+00:00,0.61
2024-04-08 10:35:00+00:00,0.21
2024-04-08 23:00:00+00:00,0.35
2024-04-09 11:20:00+00:00,0.11
2024-04-09 23:35:00+00:00,0.25
2024-04-10 11:55:00+00:00,0.2
2024-04-11 00:20:00+00:00,0.34
2024-04-11 12:35:00+00:00,0.48
2024-04-12 01:05:00+00:00,0.6
2024-04-12 13:20:00+00:00,0.9
2024-04-13 01:45:00+00:00,0.96
2024-04-13 14:05:00+00:00,1.39
2024-04-14 02:35:00+00:00,1.4
2024-04-14 14:55:00+00:00,1.88
2024-04-15 03:35:00+00:00,1.81
2024-04-15 16:05:00+00:00,2.28
2024-04-16 05:20:00+00:00,2.07
2024-04-16 17:50:00+00:00,2.44
2024-04-17 07:05:00+00:00,2.03
2024-04-17 19:20:00+00:00,2.3
2024-04-18 08:00:00+00:00,1.84
2024-04-18 20:20:00+00:00,2.05
2024-04-19 08:55:00+00:00,1.63
2024-04-19 21:00:00+00:00,1.78
2024-04-20 09:25:00+00:00,1.41
2024-04-20 21:40:00+00:00,1.53
2024-04-21 10:00:00+00:00,1.23
2024-04-21 22:05:00+00:00,1.3
2024-04-22 10:30:00+00:00,1.08
2024-04-22 22:35:00+00:00,1.12
2024-04-23 10:50:00+00:00,0.97
2024-04-23 23:05:00+00:00,0.98
2024-04-24 11:20:00+00:00,0.92
2024-04-24 23:35:00+00:00,0.9
2024-04-25 11:50:00+00:00,0.93
2024-04-26 00:05:00+00:00,0.89
2024-04-26 12:20:00+00:00,1.02
2024-04-27 00:40:00+00:00,0.96
2024-04-27 12:55:00+00:00,1.19
2024-04-28 01:25:00+00:00,1.12
2024-04-28 13:30:00+00:00,1.43
2024-04-29 02:05:00+00:00,1.33
2024-04-29 14:20:00+00:00,1.72
2024-04-30 02:55:00+00:00,1.57
2024-04-30 15:25:00+00:00,2.0
2024-05-01 04:05:00+00:00,1.75
2024-05-01 16:40:00+00:00,2.15
2024-05-02 05:25:00+00:00,1.76
2024-05-02 18:15:00+00:00,2.07
2024-05-03 06:55:00+00:00,1.56
2024-05-03 19:25:00+00:00,1.77
2024-05-04 07:55:00+00:00,1.24
2024-05-04 20:30:00+00:00,1.4
2024-05-05 08:50:00+00:00,0.91
2024-05-05 21:05:00+00:00,1.02
2024-05-06 09:35:00+00:00,0.64
2024-05-06 21:55:00+00:00,0.72
2024-05-07 10:15:00+00:00,0.48
2024-05-07 22:35:00+00:00,0.53
2024-05-08 10:55:00+00:00,0.46
2024-05-08 23:15:00+00:00,0.47
2024-05-09 11:35:00+00:00,0.59
2024-05-10 00:00:00+00:00,0.56
2024-05-10 12:15:00+00:00,0.84
2024-05-11 00:45:00+00:00,0.77
2024-05-11 13:00:00+00:00,1.18
2024-05-12 01:35:00+00:00,1.07
2024-05-12 13:45:00+00:00,1.55
2024-05-13 02:20:00+00:00,1.4
2024-05-13 14:35:00+00:00,1.9
2024-05-14 03:20:00+00:00,1.71
2024-05-14 15:35:00+00:00,2.18
2024-05-15 04:35:00+00:00,1.92
2024-05-15 17:10:00+00:00,2.33
2024-05-16 05:55:00+00:00,1.97
2024-05-16 18:25:00+00:00,2.29
2024-05-17 07:10:00+00:00,1.9
2024-05-17 19:35:00+00:00,2.14
2024-05-18 08:00:00+00:00,1.76
2024-05-18 20:25:00+00:00,1.93
2024-05-19 08:45:00+00:00,1.61
2024-05-19 21:00:00+00:00,1.71
2024-05-20 09:15:00+00:00,1.45
2024-05-20 21:30:00+00:00,1.49
2024-05-21 09:50:00+00:00,1.32
2024-05-21 22:05:00+00:00,1.3
2024-05-22 10:20:00+00:00,1.21
2024-05-22 22:35:00+00:00,1.13
2024-05-23 10:50:00+00:00,1.13
2024-05-23 23:10:00+00:00,1.01
2024-05-24 11:25:00+00:00,1.11
2024-05-24 23:50:00+00:00,0.95
2024-05-25 12:05:00+00:00,1.15
2024-05-26 00:30:00+00:00,0.96
2024-05-26 12:35:00+00:00,1.25
2024-05-27 01:10:00+00:00,1.03
2024-05-27 13:25:00+00:00,1.42
2024-05-28 01:55:00+00:00,1.16
2024-05-28 14:15:00+00:00,1.61
2024-05-29 02:55:00+00:00,1.31
2024-05-29 15:15:00+00:00,1.78
2024-05-30 04:00:00+00:00,1.43
2024-05-30 16:20:00+00:00,1.87
2024-05-31 05:05:00+00:00,1.46
2024-05-31 17:40:00+00:00,1.84
2024-06-01 06:15:00+00:00,1.39
2024-06-01 18:50:00+00:00,1.68
2024-06-02 07:20:00+00:00,1.26
2024-06-02 19:50:00+00:00,1.45
2024-06-03 08:15:00+00:00,1.11
2024-06-03 20:45:00+00:00,1.21
2024-06-04 09:05:00+00:00,0.99
2024-06-04 21:35:00+00:00,1.0
2024-06-05 09:55:00+00:00,0.93
2024-06-05 22:20:00+00:00,0.86
2024-06-06 10:40:00+00:00,0.94
2024-06-06 23:00:00+00:00,0.79
2024-06-07 11:25:00+00:00,1.03
2024-06-07 23:50:00+00:00,0.82
2024-06-08 12:05:00+00:00,1.16
2024-06-09 00:35:00+00:00,0.93
2024-06-09 12:45:00+00:00,1.34
2024-06-10 01:20:00+00:00,1.1
2024-06-10 13:30:00+00:00,1.55
2024-06-11 02:05:00+00:00,1.31
2024-06-11 14:20:00+00:00,1.76
2024-06-12 02:55:00+00:00,1.53
2024-06-12 15:05:00+00:00,1.95
2024-06-13 03:45:00+00:00,1.72
2024-06-13 16:00:00+00:00,2.1
2024-06-14 04:50:00+00:00,1.87
2024-06-14 17:00:00+00:00,2.19
2024-06-15 05:40:00+00:00,1.93
2024-06-15 18:05:00+00:00,2.19
2024-06-16 06:55:00+00:00,1.93
2024-06-16 19:20:00+00:00,2.1
2024-06-17 07:50:00+00:00,1.86
2024-06-17 20:10:00+00:00,1.93
2024-06-18 08:35:00+00:00,1.75
2024-06-18 20:55:00+00:00,1.73
2024-06-19 09:15:00+00:00,1.62
2024-06-19 21:40:00+00:00,1.52
2024-06-20 09:55:00+00:00,1.48
2024-06-20 22:10:00+00:00,1.3
2024-06-21 10:35:00+00:00,1.35
2024-06-21 22:55:00+00:00,1.11
2024-06-22 11:10:00+00:00,1.24
2024-06-22 23:30:00+00:00,0.95
2024-06-23 11:50:00+00:00,1.18
2024-06-24 00:20:00+00:00,0.86
2024-06-24 12:35:00+00:00,1.17
2024-06-25 01:00:00+00:00,0.81
2024-06-25 13:15:00+00:00,1.21
2024-06-26 01:50:00+00:00,0.85
2024-06-26 14:10:00+00:00,1.31
2024-06-27 02:40:00+00:00,0.95
2024-06-27 15:00:00+00:00,1.43
2024-06-28 03:35:00+00:00,1.1
2024-06-28 15:55:00+00:00,1.56
2024-06-29 04:25:00+00:00,1.25
2024-06-29 17:00:00+00:00,1.66
2024-06-30 05:40:00+00:00,1.39
2024-06-30 18:10:00+00:00,1.69
2024-07-01 06:45:00+00:00,1.47
2024-07-01 19:25:00+00:00,1.63
2024-07-02 07:55:00+00:00,1.49
2024-07-02 20:30:00+00:00,1.49
2024-07-03 08:50:00+00:00,1.45
2024-07-03 21:25:00+00:00,1.32
2024-07-04 09:45:00+00:00,1.39
2024-07-04 22:15:00+00:00,1.16
2024-07-05 10:35:00+00:00,1.33
2024-07-05 23:00:00+00:00,1.03
2024-07-06 11:10:00+00:00,1.28
2024-07-06 23:45:00+00:00,0.96
2024-07-07 11:55:00+00:00,1.28
2024-07-08 00:20:00+00:00,0.95
2024-07-08 12:35:00+00:00,1.31
2024-07-09 01:00:00+00:00,1.02
2024-07-09 13:10:00+00:00,1.39
2024-07-10 01:40:00+00:00,1.15
2024-07-10 13:45:00+00:00,1.51
2024-07-11 02:20:00+00:00,1.32
2024-07-11 14:30:00+00:00,1.67
2024-07-12 02:55:00+00:00,1.51
2024-07-12 15:10:00+00:00,1.84
2024-07-13 03:40:00+00:00,1.71
2024-07-13 15:55:00+00:00,2.01
2024-07-14 04:25:00+00:00,1.89
2024-07-14 16:50:00+00:00,2.15
2024-07-15 05:25:00+00:00,2.03
2024-07-15 18:05:00+00:00,2.21
2024-07-16 06:35:00+00:00,2.09
2024-07-16 19:20:00+00:00,2.14
2024-07-17 07:50:00+00:00,2.05
2024-07-17 20:15:00+00:00,1.95
2024-07-18 08:45:00+00:00,1.9
2024-07-18 21:15:00+00:00,1.7
2024-07-19 09:30:00+00:00,1.69
2024-07-19 22:00:00+00:00,1.4
2024-07-20 10:20:00+00:00,1.46
2024-07-20 22:35:00+00:00,1.09
2024-07-21 10:55:00+00:00,1.22
2024-07-21 23:20:00+00:00,0.81
2024-07-22 11:35:00+00:00,1.02
2024-07-23 00:05:00+00:00,0.59
2024-07-23 12:20:00+00:00,0.89
2024-07-24 00:45:00+00:00,0.47
2024-07-24 13:05:00+00:00,0.86
2024-07-25 01:25:00+00:00,0.48
2024-07-25 13:45:00+00:00,0.92
2024-07-26 02:15:00+00:00,0.63
2024-07-26 14:35:00+00:00,1.09
2024-07-27 03:05:00+00:00,0.9
2024-07-27 15:30:00+00:00,1.34
2024-07-28 04:00:00+00:00,1.24
2024-07-28 16:30:00+00:00,1.61
2024-07-29 04:55:00+00:00,1.57
2024-07-29 17:45:00+00:00,1.82
2024-07-30 06:20:00+00:00,1.83
2024-07-30 19:15:00+00:00,1.87
2024-07-31 07:45:00+00:00,1.91
2024-07-31 20:30:00+00:00,1.73
2024-08-01 09:00:00+00:00,1.83
2024-08-01 21:30:00+00:00,1.51
2024-08-02 09:50:00+00:00,1.67
2024-08-02 22:10:00+00:00,1.28
2024-08-03 10:30:00+00:00,1.49
2024-08-03 22:55:00+00:00,1.09
2024-08-04 11:05:00+00:00,1.33
2024-08-04 23:35:00+00:00,0.96
2024-08-05 11:40:00+00:00,1.22
2024-08-06 00:10:00+00:00,0.9
2024-08-06 12:15:00+00:00,1.17
2024-08-07 00:35:00+00:00,0.91
2024-08-07 12:45:00+00:00,1.19
2024-08-08 01:05:00+00:00,1.0
2024-08-08 13:15:00+00:00,1.27
2024-08-09 01:40:00+00:00,1.15
2024-08-09 13:50:00+00:00,1.42
2024-08-10 02:10:00+00:00,1.34
2024-08-10 14:25:00+00:00,1.61
2024-08-11 02:50:00+00:00,1.58
2024-08-11 15:05:00+00:00,1.83
2024-08-12 03:30:00+00:00,1.84
2024-08-12 15:55:00+00:00,2.06
2024-08-13 04:20:00+00:00,2.09
2024-08-13 17:00:00+00:00,2.24
2024-08-14 05:20:00+00:00,2.27
2024-08-14 18:30:00+00:00,2.28
2024-08-15 06:55:00+00:00,2.29
2024-08-15 19:55:00+00:00,2.1
2024-08-16 08:35:00+00:00,2.1
2024-08-16 21:05:00+00:00,1.77
2024-08-17 09:25:00+00:00,1.78
2024-08-17 21:50:00+00:00,1.37
2024-08-18 10:05:00+00:00,1.42
2024-08-18 22:25:00+00:00,0.95
2024-08-19 10:40:00+00:00,1.06
2024-08-19 23:00:00+00:00,0.57
2024-08-20 11:25:00+00:00,0.77
2024-08-20 23:45:00+00:00,0.3
2024-08-21 12:00:00+00:00,0.57
2024-08-22 00:25:00+00:00,0.18
2024-08-22 12:40:00+00:00,0.52
2024-08-23 01:05:00+00:00,0.25
2024-08-23 13:25:00+00:00,0.63
2024-08-24 01:50:00+00:00,0.51
2024-08-24 14:10:00+00:00,0.89
2024-08-25 02:30:00+00:00,0.91
2024-08-25 15:00:00+00:00,1.26
2024-08-26 03:15:00+00:00,1.4
2024-08-26 15:55:00+00:00,1.67
2024-08-27 04:25:00+00:00,1.88
2024-08-27 17:25:00+00:00,2.0
2024-08-28 06:00:00+00:00,2.2
2024-08-28 19:25:00+00:00,2.03
2024-08-29 07:50:00+00:00,2.19
2024-08-29 20:40:00+00:00,1.81
2024-08-30 09:00:00+00:00,1.99
2024-08-30 21:25:00+00:00,1.54
2024-08-31 09:40:00+00:00,1.74
2024-08-31 22:05:00+00:00,1.29
2024-09-01 10:10:00+00:00,1.49
2024-09-01 22:40:00+00:00,1.09
2024-09-02 10:40:00+00:00,1.28
2024-09-02 23:10:00+00:00,0.94
2024-09-03 11:15:00+00:00,1.13
2024-09-03 23:40:00+00:00,0.87
2024-09-04 11:45:00+00:00,1.05
2024-09-05 00:10:00+00:00,0.87
2024-09-05 12:15:00+00:00,1.05
2024-09-06 00:35:00+00:00,0.94
2024-09-06 12:45:00+00:00,1.12
2024-09-07 01:00:00+00:00,1.07
2024-09-07 13:20:00+00:00,1.26
2024-09-08 01:30:00+00:00,1.27
2024-09-08 13:45:00+00:00,1.45
2024-09-09 02:05:00+00:00,1.53
2024-09-09 14:25:00+00:00,1.7
2024-09-10 02:40:00+00:00,1.83
2024-09-10 15:15:00+00:00,1.98
2024-09-11 03:30:00+00:00,2.15
2024-09-11 16:20:00+00:00,2.23
2024-09-12 04:50:00+00:00,2.41
2024-09-12 17:50:00+00:00,2.32
2024-09-13 06:35:00+00:00,2.44
2024-09-13 19:35:00+00:00,2.12
2024-09-14 08:10:00+00:00,2.16
2024-09-14 20:45:00+00:00,1.72
2024-09-15 09:00:00+00:00,1.75
2024-09-15 21:25:00+00:00,1.25
2024-09-16 09:45:00+00:00,1.31
2024-09-16 22:00:00+00:00,0.78
2024-09-17 10:15:00+00:00,0.89
2024-09-17 22:35:00+00:00,0.39
2024-09-18 10:55:00+00:00,0.56
2024-09-18 23:20:00+00:00,0.15
2024-09-19 11:35:00+00:00,0.37
2024-09-19 23:55:00+00:00,0.09
2024-09-20 12:15:00+00:00,0.35
2024-09-21 00:40:00+00:00,0.26
2024-09-21 12:55:00+00:00,0.52
2024-09-22 01:20:00+00:00,0.62
2024-09-22 13:40:00+00:00,0.86
2024-09-23 02:00:00+00:00,1.11
2024-09-23 14:35:00+00:00,1.31
2024-09-24 02:55:00+00:00,1.67
2024-09-24 15:35:00+00:00,1.78
2024-09-25 03:55:00+00:00,2.17
2024-09-25 17:10:00+00:00,2.11
2024-09-26 06:05:00+00:00,2.44
2024-09-26 19:25:00+00:00,2.06
2024-09-27 07:45:00+00:00,2.31
2024-09-27 20:15:00+00:00,1.82
2024-09-28 08:35:00+00:00,2.05
2024-09-28 21:05:00+00:00,1.57
2024-09-29 09:25:00+00:00,1.78
2024-09-29 21:45:00+00:00,1.35
2024-09-30 09:55:00+00:00,1.52
2024-09-30 22:15:00+00:00,1.16
2024-10-01 10:15:00+00:00,1.3
2024-10-01 22:35:00+00:00,1.02
2024-10-02 10:50:00+00:00,1.15
2024-10-02 23:05:00+00:00,0.95
2024-10-03 11:20:00+00:00,1.06
2024-10-03 23:35:00+00:00,0.94
2024-10-04 11:40:00+00:00,1.03
2024-10-05 00:05:00+00:00,1.0
2024-10-05 12:15:00+00:00,1.08
2024-10-06 00:30:00+00:00,1.12
2024-10-06 12:45:00+00:00,1.19
2024-10-07 01:00:00+00:00,1.31
2024-10-07 13:25:00+00:00,1.39
2024-10-08 01:35:00+00:00,1.57
2024-10-08 14:00:00+00:00,1.62
2024-10-09 02:15:00+00:00,1.88
2024-10-09 14:50:00+00:00,1.9
2024-10-10 03:05:00+00:00,2.2
2024-10-10 15:45:00+00:00,2.14
2024-10-11 04:25:00+00:00,2.45
2024-10-11 17:15:00+00:00,2.22
2024-10-12 06:15:00+00:00,2.44
2024-10-12 19:00:00+00:00,2.01
2024-10-13 07:40:00+00:00,2.13
2024-10-13 20:10:00+00:00,1.61
2024-10-14 08:30:00+00:00,1.7
2024-10-14 20:55:00+00:00,1.16
2024-10-15 09:15:00+00:00,1.25
2024-10-15 21:35:00+00:00,0.74
2024-10-16 09:50:00+00:00,0.84
2024-10-16 22:10:00+00:00,0.41
2024-10-17 10:35:00+00:00,0.55
2024-10-17 22:50:00+00:00,0.25
2024-10-18 11:15:00+00:00,0.39
